{
	"format_version": "1.8.0",
	"animations": {
		"animation.chameleon.walk": {
			"loop": true,
			"animation_length": 1,
			"override_previous_animation": true,
			"bones": {
				"Body": {
					"position": {
						"0.0": {
							"vector": [0, 0.2, 0]
						},
						"0.1667": {
							"vector": [0, 0, 0],
							"easing": "easeInQuad"
						},
						"0.5": {
							"vector": [0, 0.2, 0],
							"easing": "easeInOutQuad"
						},
						"0.7083": {
							"vector": [0, 0, 0],
							"easing": "easeInQuad"
						},
						"1.0": {
							"vector": [0, 0.2, 0]
						}
					}
				},
				"Head": {
					"rotation": {
						"0.0": {
							"vector": [0, 0, 0],
							"easing": "linear"
						},
						"0.1667": {
							"vector": [-2.5, 0, 0],
							"easing": "easeOutSine"
						},
						"0.3333": {
							"vector": [0, 0, 0],
							"easing": "easeOutQuad"
						},
						"0.5": {
							"vector": [0, 0, 0]
						},
						"0.6667": {
							"vector": [-2.5, 0, 0],
							"easing": "easeOutSine"
						},
						"0.8333": {
							"vector": [0, 0, 0],
							"easing": "easeOutQuad"
						},
						"1.0": {
							"vector": [0, 0, 0],
							"easing": "linear"
						}
					},
					"position": {
						"vector": [0, 0, 0]
					}
				},
				"RightFrontLeg": {
					"rotation": {
						"0.0": {
							"vector": [0.198, -2.87732, 36.67009]
						},
						"0.25": {
							"vector": [-1.8956, -43.42656, 15.14056],
							"easing": "linear"
						},
						"0.75": {
							"vector": [0, 30, 17.5]
						},
						"1.0": {
							"vector": [0.198, -2.87732, 36.67009]
						}
					}
				},
				"RightFrontLeg2": {
					"rotation": {
						"0.0": {
							"vector": [11.25109, -22.65328, -100.81489]
						},
						"0.1667": {
							"vector": [1.30486, -42.0972, -70.56381]
						},
						"0.2917": {
							"vector": [8.15388, -33.63892, -83.94592]
						},
						"0.5417": {
							"vector": [13.17241, -10.81674, -94.17749]
						},
						"0.8333": {
							"vector": [20, "-", "-110"]
						},
						"1.0": {
							"vector": [11.25109, -22.65328, -100.81489]
						}
					}
				},
				"RightFrontFoot1": {
					"rotation": {
						"0.0": {
							"vector": [31.51277, 24.95503, -23.76099]
						},
						"0.2917": {
							"vector": [37.8327, 20.68163, -23.77518]
						},
						"0.5": {
							"vector": [48.01567, 10.62969, -17.65165]
						},
						"0.75": {
							"vector": [52.01709, 9.09681, -4.36965]
						},
						"1.0": {
							"vector": [31.51277, 24.95503, -23.76099]
						}
					}
				},
				"RightFrontFoot2": {
					"rotation": {
						"0.0": {
							"vector": [30.14382, -12.97361, 28.73558]
						},
						"0.1667": {
							"vector": [27.34518, 15.45695, -20.2296]
						},
						"0.2917": {
							"vector": [26.10072, 15.48992, -21.18292]
						},
						"0.5417": {
							"vector": [28.23968, 10.39094, -11.04534]
						},
						"0.7917": {
							"vector": [29.9958, 6.41399, -3.96471]
						},
						"1.0": {
							"vector": [30.14382, -12.97361, 28.73558]
						}
					}
				},
				"LeftFrontLeg": {
					"rotation": {
						"0.0": {
							"vector": [0, -0.66667, -14.14667]
						},
						"0.1667": {
							"vector": [0, -24, -18.24]
						},
						"0.5": {
							"vector": [-12.5, 11.48, -33.95]
						},
						"0.7917": {
							"vector": [0, 38.5, -9.03],
							"easing": "linear"
						},
						"1.0": {
							"vector": [0, -0.66667, -14.14667]
						}
					}
				},
				"LeftFrontLeg2": {
					"rotation": {
						"0.0": {
							"vector": [17.90825, 23.34991, 100.51906]
						},
						"0.2083": {
							"vector": [26.67, 10, 110]
						},
						"0.3333": {
							"vector": [20, "-", 110]
						},
						"0.8333": {
							"vector": [0.01191, 34.1788, 86.8976],
							"easing": "easeInOutCubic"
						},
						"1.0": {
							"vector": [17.90825, 23.34991, 100.51906]
						}
					}
				},
				"LeftFrontFoot1": {
					"rotation": {
						"0.0": {
							"vector": [47.5056, -22.68801, 10.14045]
						},
						"0.1667": {
							"vector": [58.0976, -19.82559, 9.0412]
						},
						"0.4583": {
							"vector": [40.25057, -14.98328, 15.48216]
						},
						"0.7917": {
							"vector": [34.2656, -26.26605, 11.51451],
							"easing": "easeInOutSine"
						},
						"1.0": {
							"vector": [47.5056, -22.68801, 10.14045]
						}
					}
				},
				"LeftFrontFoot2": {
					"rotation": {
						"0.0": {
							"vector": [30, -12.5, -0.83]
						},
						"0.1667": {
							"vector": [30, 0, -2.5]
						},
						"0.4583": {
							"vector": [30, 0, -2.5]
						},
						"0.5833": {
							"vector": [30, -12.19, 1.25]
						},
						"0.7917": {
							"vector": [30, -32.5, 7.5]
						},
						"1.0": {
							"vector": [30, -12.5, -0.83]
						}
					}
				},
				"RightBackLeg": {
					"rotation": {
						"0.0": {
							"vector": [-5.3138, -24.17976, 18.45058]
						},
						"0.4167": {
							"vector": [3.79589, 27.36268, 20.31251]
						},
						"0.7083": {
							"vector": [-0.32109, 1.73365, 34.38723]
						},
						"1.0": {
							"vector": [-5.3138, -24.17976, 18.45058]
						}
					}
				},
				"RightBackLeg2": {
					"rotation": {
						"0.0": {
							"vector": [10.39018, -7.48596, -102.68435]
						},
						"0.5417": {
							"vector": [6.91717, "25.2496++NaN", "-104.1883++NaN"],
							"easing": "easeInCubic"
						},
						"0.875": {
							"vector": [15.63, -8.13, -101.25]
						},
						"1.0": {
							"vector": [10.39018, -7.48596, -102.68435]
						}
					}
				},
				"RightBackFoot1": {
					"rotation": {
						"0.0": {
							"vector": [2.78, 3.94, -8.06]
						},
						"0.1667": {
							"vector": [10.83025, 0.85246, -7.09902]
						},
						"0.3333": {
							"vector": [25.19473, -2.43207, -9.95492]
						},
						"0.5": {
							"vector": [39.00614, -9.95394, -3.73558],
							"easing": "easeInOutQuad"
						},
						"0.75": {
							"vector": [20.29047, 5.91, -29.2848]
						},
						"1.0": {
							"vector": [2.78, 3.94, -8.06]
						}
					}
				},
				"RightBackFoot2": {
					"rotation": {
						"0.0": {
							"vector": [0, 5, -6.25]
						},
						"0.1667": {
							"vector": [0, 0, 0]
						},
						"0.5": {
							"vector": [0, 0, 0]
						},
						"0.7083": {
							"vector": [4.65468, 8.86042, 15.36082]
						},
						"1.0": {
							"vector": [0, 5, -6.25]
						}
					}
				},
				"LeftBackLeg": {
					"rotation": {
						"0.0": {
							"vector": [10.88724, -8.88289, -27.68637]
						},
						"0.3333": {
							"vector": [2.89086, 17.34294, -15.68973],
							"easing": "linear"
						},
						"0.7917": {
							"vector": [14.18925, -26.84569, -21.33084]
						},
						"1.0": {
							"vector": [10.88724, -8.88289, -27.68637]
						}
					}
				},
				"LeftBackLeg2": {
					"rotation": {
						"0.0": {
							"vector": [0, 11.85185, 105.52469]
						},
						"0.3333": {
							"vector": [0, 30, 102.5],
							"easing": "easeInOutQuad"
						},
						"0.7917": {
							"vector": [27.5, 0, 90]
						},
						"1.0": {
							"vector": [0, 11.85185, 105.52469]
						}
					}
				},
				"LeftBackFoot1": {
					"rotation": {
						"0.0": {
							"vector": [0.76776, 0.00383, -4.32587]
						},
						"0.2083": {
							"vector": [1.72746, -2.49139, -9.73321]
						},
						"0.4583": {
							"vector": [4.01271, -11.39311, 12.58131],
							"easing": "easeInOutSine"
						},
						"0.8333": {
							"vector": [-0.74927, 9.60802, 22.34914]
						},
						"1.0": {
							"vector": [0.76776, 0.00383, -4.32587]
						}
					}
				},
				"LeftBackFoot2": {
					"rotation": {
						"0.0": {
							"vector": [0, -10, -2.5]
						},
						"0.1667": {
							"vector": [0, -20, -5],
							"easing": "easeInOutQuad"
						},
						"0.6667": {
							"vector": [0, 0, 0]
						},
						"1.0": {
							"vector": [0, -10, -2.5]
						}
					}
				},
				"Tail": {
					"rotation": {
						"0.0": {
							"vector": [11.07, 0, 0]
						},
						"0.1667": {
							"vector": [12.5, 0, 0]
						},
						"0.3333": {
							"vector": [10, 0, 0],